{"cameraMode":{"drawMode":0,"name":"Shaded","section":"Shading Mode"},"sceneLighting":false,"audioPlay":false,"sceneViewState":{"m_AlwaysRefresh":false,"showFog":true,"showSkybox":false,"showFlares":true,"showImageEffects":true,"showParticleSystems":true,"showVisualEffectGraphs":true,"m_FxEnabled":true},"in2DMode":false,"pivot":{"x":2.165769100189209,"y":3.2592382431030275,"z":27.063751220703126},"rotation":{"x":0.021165277808904649,"y":0.9785255789756775,"z":-0.1572205126285553,"w":0.13171455264091493},"size":1.2226256132125855,"orthographic":false}