{"cameraMode":{"drawMode":0,"name":"Shaded","section":"Shading Mode"},"sceneLighting":false,"audioPlay":false,"sceneViewState":{"m_AlwaysRefresh":false,"showFog":true,"showSkybox":false,"showFlares":true,"showImageEffects":true,"showParticleSystems":true,"showVisualEffectGraphs":true,"m_FxEnabled":true},"in2DMode":false,"pivot":{"x":-36.11000061035156,"y":5.376667022705078,"z":45.119998931884769},"rotation":{"x":0.00018970502424053848,"y":-0.9997568130493164,"z":-0.02218763716518879,"w":-0.008391938172280789},"size":0.9949873089790344,"orthographic":false}