{"cameraMode":{"drawMode":0,"name":"Shaded","section":"Shading Mode"},"sceneLighting":true,"audioPlay":false,"sceneViewState":{"m_AlwaysRefresh":false,"showFog":true,"showSkybox":true,"showFlares":true,"showImageEffects":true,"showParticleSystems":true,"showVisualEffectGraphs":true,"m_FxEnabled":true},"in2DMode":false,"pivot":{"x":4.822463035583496,"y":-1.3100557327270508,"z":-0.5170993804931641},"rotation":{"x":0.021894678473472596,"y":-0.934059202671051,"z":0.3519131541252136,"w":0.058079659938812259},"size":9.782828330993653,"orthographic":false}