{"cameraMode":{"drawMode":0,"name":"Shaded","section":"Shading Mode"},"sceneLighting":true,"audioPlay":false,"sceneViewState":{"m_AlwaysRefresh":false,"showFog":true,"showSkybox":true,"showFlares":true,"showImageEffects":true,"showParticleSystems":true,"showVisualEffectGraphs":true,"m_FxEnabled":true},"in2DMode":false,"pivot":{"x":-3.2619664669036867,"y":2.452753782272339,"z":4.691984176635742},"rotation":{"x":0.006359664723277092,"y":0.9906359910964966,"z":-0.12730589509010316,"w":0.0493742972612381},"size":7.052486896514893,"orthographic":false}