{"cameraMode":{"drawMode":0,"name":"Shaded","section":"Shading Mode"},"sceneLighting":true,"audioPlay":false,"sceneViewState":{"m_AlwaysRefresh":false,"showFog":true,"showSkybox":true,"showFlares":true,"showImageEffects":true,"showParticleSystems":true,"showVisualEffectGraphs":true,"m_FxEnabled":true},"in2DMode":false,"pivot":{"x":2.396775722503662,"y":1.3971478939056397,"z":4.926291465759277},"rotation":{"x":0.002641941187903285,"y":0.9938681125640869,"z":-0.10806784778833389,"w":0.024155786260962487},"size":6.071065425872803,"orthographic":false}