{"cameraMode":{"drawMode":0,"name":"Shaded","section":"Shading Mode"},"sceneLighting":false,"audioPlay":false,"sceneViewState":{"m_AlwaysRefresh":false,"showFog":true,"showSkybox":false,"showFlares":true,"showImageEffects":true,"showParticleSystems":true,"showVisualEffectGraphs":true,"m_FxEnabled":true},"in2DMode":false,"pivot":{"x":-6.339227676391602,"y":4.005140781402588,"z":40.969383239746097},"rotation":{"x":0.002148163039237261,"y":0.9729931354522705,"z":-0.23070546984672547,"w":0.009049886837601662},"size":0.6067841053009033,"orthographic":false}